{"cameraMode":{"drawMode":0,"name":"Shaded","section":"Shading Mode"},"sceneLighting":false,"audioPlay":false,"sceneViewState":{"m_AlwaysRefresh":false,"showFog":true,"showSkybox":false,"showFlares":true,"showImageEffects":true,"showParticleSystems":true,"showVisualEffectGraphs":true,"m_FxEnabled":true},"in2DMode":false,"pivot":{"x":115.01240539550781,"y":95.41879272460938,"z":14.5225830078125},"rotation":{"x":0.14327330887317658,"y":0.05701073259115219,"z":-0.008184028789401055,"w":0.9880410432815552},"size":1053.6986083984375,"orthographic":true}